timestamp,timestep,hour,zone_temp,pmv,hvac_energy_kwh,cumulative_energy_kwh,outdoor_temp,occupancy,cooling_setpoint,heating_setpoint,grid_carbon_intensity,step_carbon_emitted_kg
2024-07-01 00:00:00,1,0,22.01,-0.324,0.1125,0.112,21.5,0,22.7,19.5,310.0,0.0349
2024-07-01 00:15:00,2,0,22.01,-0.324,0.1125,0.225,21.32,0,22.7,19.5,310.0,0.0349
2024-07-01 00:30:00,3,0,22.01,-0.324,0.1125,0.337,21.15,0,22.7,19.5,310.0,0.0349
2024-07-01 00:45:00,4,0,22.0,-0.325,0.1125,0.45,20.98,0,22.7,19.5,310.0,0.0349
2024-07-01 01:00:00,5,1,21.99,-0.326,0.1125,0.562,20.8,0,22.7,19.5,295.0,0.0332
2024-07-01 01:15:00,6,1,21.98,-0.328,0.1125,0.675,20.65,0,22.7,19.5,295.0,0.0332
2024-07-01 01:30:00,7,1,21.96,-0.331,0.1125,0.788,20.5,0,22.7,19.5,295.0,0.0332
2024-07-01 01:45:00,8,1,21.94,-0.334,0.1125,0.9,20.35,0,22.7,19.5,295.0,0.0332
2024-07-01 02:00:00,9,2,21.92,-0.338,0.1125,1.013,20.2,0,22.7,19.5,280.0,0.0315
2024-07-01 02:15:00,10,2,21.89,-0.341,0.1125,1.125,20.1,0,22.7,19.5,280.0,0.0315
2024-07-01 02:30:00,11,2,21.87,-0.345,0.1125,1.238,20.0,0,22.7,19.5,280.0,0.0315
2024-07-01 02:45:00,12,2,21.84,-0.35,0.1125,1.35,19.9,0,22.7,19.5,280.0,0.0315
2024-07-01 03:00:00,13,3,21.81,-0.354,0.1125,1.463,19.8,0,22.7,19.5,275.0,0.0309
2024-07-01 03:15:00,14,3,21.77,-0.359,0.1125,1.575,19.73,0,22.7,19.5,275.0,0.0309
2024-07-01 03:30:00,15,3,21.74,-0.364,0.1125,1.688,19.65,0,22.7,19.5,275.0,0.0309
2024-07-01 03:45:00,16,3,21.71,-0.369,0.1125,1.8,19.57,0,22.7,19.5,275.0,0.0309
2024-07-01 04:00:00,17,4,21.67,-0.374,0.1125,1.913,19.5,0,22.7,19.5,285.0,0.0321
2024-07-01 04:15:00,18,4,21.64,-0.378,0.1125,2.025,19.75,0,22.7,19.5,285.0,0.0321
2024-07-01 04:30:00,19,4,21.62,-0.381,0.1125,2.138,20.0,0,22.7,19.5,285.0,0.0321
2024-07-01 04:45:00,20,4,21.61,-0.383,0.1125,2.25,20.25,0,22.7,19.5,285.0,0.0321
2024-07-01 05:00:00,21,5,21.6,-0.384,0.1125,2.362,20.5,0,22.7,19.5,320.0,0.036
2024-07-01 05:15:00,22,5,21.6,-0.384,0.1125,2.475,20.88,0,22.7,19.5,320.0,0.036
2024-07-01 05:30:00,23,5,21.61,-0.382,0.1125,2.587,21.25,0,22.7,19.5,320.0,0.036
2024-07-01 05:45:00,24,5,21.63,-0.379,0.1125,2.7,21.62,0,22.7,19.5,320.0,0.036
2024-07-01 06:00:00,25,6,21.66,-0.375,0.1125,2.812,22.0,0,22.7,19.5,410.0,0.0461
2024-07-01 06:15:00,26,6,21.7,-0.369,0.1125,2.925,22.5,0,22.7,19.5,410.0,0.0461
2024-07-01 06:30:00,27,6,21.76,-0.362,0.1125,3.037,23.0,0,22.7,19.5,410.0,0.0461
2024-07-01 06:45:00,28,6,21.82,-0.352,0.1125,3.15,23.5,0,22.7,19.5,410.0,0.0461
2024-07-01 07:00:00,29,7,21.89,-0.341,0.1125,3.262,24.0,0,22.7,19.5,460.0,0.0517
2024-07-01 07:15:00,30,7,21.98,-0.328,0.1125,3.375,24.55,0,22.7,19.5,460.0,0.0517
2024-07-01 07:30:00,31,7,22.08,-0.313,0.1125,3.487,25.1,0,22.7,19.5,460.0,0.0517
2024-07-01 07:45:00,32,7,22.19,-0.296,0.1125,3.6,25.65,0,22.7,19.5,460.0,0.0517
2024-07-01 08:00:00,33,8,22.51,-0.246,0.1125,3.712,26.2,10,22.7,19.5,430.0,0.0484
2024-07-01 08:15:00,34,8,22.83,-0.186,0.1125,3.825,26.77,10,22.7,19.5,430.0,0.0484
2024-07-01 08:30:00,35,8,22.5,-0.247,1.0353,4.86,27.35,10,22.7,19.5,430.0,0.4452
2024-07-01 08:45:00,36,8,22.86,-0.182,0.5373,5.398,27.93,10,22.7,19.5,430.0,0.2311
2024-07-01 09:00:00,37,9,22.5,-0.247,1.7227,7.12,28.5,10,22.7,19.5,350.0,0.6029
2024-07-01 09:15:00,38,9,22.88,-0.177,0.8606,7.981,28.93,10,22.7,19.5,350.0,0.3012
2024-07-01 09:30:00,39,9,22.5,-0.247,1.2009,9.182,29.35,10,22.7,19.5,350.0,0.4203
2024-07-01 09:45:00,40,9,22.9,-0.173,1.5531,10.735,29.77,10,22.7,19.5,350.0,0.5436
2024-07-01 10:00:00,41,10,21.3,-0.426,2.4129,13.148,30.2,10,21.5,19.5,240.0,0.5791
2024-07-01 10:15:00,42,10,21.75,-0.362,2.1228,15.271,30.6,10,21.5,19.5,240.0,0.5095
2024-07-01 10:30:00,43,10,21.3,-0.426,1.4428,16.713,31.0,10,21.5,19.5,240.0,0.3463
2024-07-01 10:45:00,44,10,21.77,-0.359,2.2583,18.972,31.4,10,21.5,19.5,240.0,0.542
2024-07-01 11:00:00,45,11,21.3,-0.426,1.5106,20.482,31.8,10,21.5,19.5,195.0,0.2946
2024-07-01 11:15:00,46,11,21.79,-0.357,2.3657,22.848,31.98,10,21.5,19.5,195.0,0.4613
2024-07-01 11:30:00,47,11,21.3,-0.426,1.5452,24.393,32.15,10,21.5,19.5,195.0,0.3013
2024-07-01 11:45:00,48,11,21.8,-0.356,2.4249,26.818,32.33,10,21.5,19.5,195.0,0.4729
2024-07-01 12:00:00,49,12,21.3,-0.426,1.5749,28.393,32.5,10,21.5,19.5,175.0,0.2756
2024-07-01 12:15:00,50,12,21.8,-0.355,1.8886,30.282,32.62,10,21.5,19.5,175.0,0.3305
2024-07-01 12:30:00,51,12,21.3,-0.426,1.5971,31.879,32.75,10,21.5,19.5,175.0,0.2795
2024-07-01 12:45:00,52,12,21.81,-0.354,1.9309,33.81,32.88,10,21.5,19.5,175.0,0.3379
2024-07-01 13:00:00,53,13,21.3,-0.426,3.6221,37.432,37.5,10,21.5,19.5,185.0,0.6701
2024-07-01 13:15:00,54,13,21.92,-0.337,1.5892,39.021,37.45,10,21.5,19.5,185.0,0.294
2024-07-01 13:30:00,55,13,21.3,-0.426,3.1997,42.221,37.4,10,21.5,19.5,185.0,0.5919
2024-07-01 13:45:00,56,13,21.92,-0.337,1.5807,43.801,37.35,10,21.5,19.5,185.0,0.2924
2024-07-01 14:00:00,57,14,21.3,-0.426,3.4977,47.299,37.3,10,21.5,19.5,200.0,0.6995
2024-07-01 14:15:00,58,14,21.91,-0.338,1.5629,48.862,37.1,10,21.5,19.5,200.0,0.3126
2024-07-01 14:30:00,59,14,21.3,-0.426,3.5484,52.41,36.9,10,21.5,19.5,200.0,0.7097
2024-07-01 14:45:00,60,14,21.91,-0.34,1.529,53.939,36.7,10,21.5,19.5,200.0,0.3058
2024-07-01 15:00:00,61,15,21.3,-0.426,2.9182,56.857,32.0,10,21.5,19.5,230.0,0.6712
2024-07-01 15:15:00,62,15,21.78,-0.358,1.1031,57.961,31.62,10,21.5,19.5,230.0,0.2537
2024-07-01 15:30:00,63,15,21.3,-0.426,2.5992,60.56,31.25,10,21.5,19.5,230.0,0.5978
2024-07-01 15:45:00,64,15,21.76,-0.361,1.0396,61.599,30.88,10,21.5,19.5,230.0,0.2391
2024-07-01 16:00:00,65,16,22.2,-0.295,0.852,62.451,30.5,10,22.7,19.5,290.0,0.2471
2024-07-01 16:15:00,66,16,22.61,-0.228,0.9729,63.424,30.07,10,22.7,19.5,290.0,0.2821
2024-07-01 16:30:00,67,16,23.01,-0.149,0.6693,64.094,29.65,10,22.7,19.5,290.0,0.1941
2024-07-01 16:45:00,68,16,22.5,-0.247,2.097,66.191,29.23,10,22.7,19.5,290.0,0.6081
2024-07-01 17:00:00,69,17,22.88,-0.178,0.5973,66.788,28.8,10,22.8,19.5,440.0,0.2628
2024-07-01 17:15:00,70,17,22.6,-0.231,1.0375,67.825,28.3,10,22.8,19.5,440.0,0.4565
2024-07-01 17:30:00,71,17,22.95,-0.162,0.5875,68.413,27.8,10,22.8,19.5,440.0,0.2585
2024-07-01 17:45:00,72,17,22.6,-0.231,1.5676,69.981,27.3,10,22.8,19.5,440.0,0.6897
2024-07-01 18:00:00,73,18,22.73,-0.207,0.1125,70.093,26.8,0,23.8,19.5,540.0,0.0607
2024-07-01 18:15:00,74,18,22.84,-0.186,0.4461,70.539,26.4,0,23.8,19.5,540.0,0.2409
2024-07-01 18:30:00,75,18,22.94,-0.165,0.4959,71.035,26.0,0,23.8,19.5,540.0,0.2678
2024-07-01 18:45:00,76,18,23.02,-0.147,0.1125,71.148,25.6,0,23.8,19.5,540.0,0.0607
2024-07-01 19:00:00,77,19,23.1,-0.131,0.3505,71.498,25.2,0,23.9,19.5,590.0,0.2068
2024-07-01 19:15:00,78,19,23.16,-0.116,0.4051,71.903,24.9,0,23.9,19.5,590.0,0.239
2024-07-01 19:30:00,79,19,23.22,-0.104,0.1125,72.016,24.6,0,23.9,19.5,590.0,0.0664
2024-07-01 19:45:00,80,19,23.27,-0.093,0.2796,72.295,24.3,0,23.9,19.5,590.0,0.1649
2024-07-01 20:00:00,81,20,23.3,-0.084,0.3356,72.631,24.0,0,23.9,19.5,560.0,0.188
2024-07-01 20:15:00,82,20,23.33,-0.077,0.1125,72.743,23.75,0,23.9,19.5,560.0,0.063
2024-07-01 20:30:00,83,20,23.36,-0.071,0.2147,72.958,23.5,0,23.9,19.5,560.0,0.1203
2024-07-01 20:45:00,84,20,23.38,-0.067,0.2763,73.234,23.25,0,23.9,19.5,560.0,0.1547
2024-07-01 21:00:00,85,21,22.91,-0.171,0.5537,73.788,23.0,0,22.9,19.5,490.0,0.2713
2024-07-01 21:15:00,86,21,22.83,-0.187,0.2375,74.026,22.8,0,22.9,19.5,490.0,0.1164
2024-07-01 21:30:00,87,21,22.84,-0.184,0.2235,74.249,22.6,0,22.9,19.5,490.0,0.1095
2024-07-01 21:45:00,88,21,22.85,-0.182,0.1125,74.362,22.4,0,22.9,19.5,490.0,0.0551
2024-07-01 22:00:00,89,22,22.76,-0.201,0.175,74.537,22.2,0,22.8,19.5,410.0,0.0717
2024-07-01 22:15:00,90,22,22.76,-0.201,0.2422,74.779,22.05,0,22.8,19.5,410.0,0.0993
2024-07-01 22:30:00,91,22,22.76,-0.201,0.1125,74.891,21.9,0,22.8,19.5,410.0,0.0461
2024-07-01 22:45:00,92,22,22.75,-0.202,0.1125,75.004,21.75,0,22.8,19.5,410.0,0.0461
2024-07-01 23:00:00,93,23,22.74,-0.204,0.175,75.179,21.6,0,22.8,19.5,350.0,0.0612
2024-07-01 23:15:00,94,23,22.74,-0.205,0.1125,75.291,21.58,0,22.8,19.5,350.0,0.0394
2024-07-01 23:30:00,95,23,22.73,-0.207,0.1125,75.404,21.55,0,22.8,19.5,350.0,0.0394
2024-07-01 23:45:00,96,23,22.72,-0.209,0.1125,75.516,21.52,0,22.8,19.5,350.0,0.0394
